{"epoch": [1, 2, 3, 4, 5, 6, 7, 8, 9, 10, 11, 12, 13, 14, 15, 16, 17, 18, 19, 20, 21, 22, 23, 24, 25, 26, 27, 28, 29, 30, 31, 32, 33, 34, 35, 36, 37, 38, 39, 40, 41, 42, 43, 44, 45, 46, 47, 48, 49, 50, 51, 52, 53, 54, 55, 56, 57, 58, 59, 60, 61, 62, 63, 64, 65, 66, 67, 68, 69, 70, 71, 72, 73, 74, 75, 76], "train": [1.6109994649887085, 0.9748403429985046, 0.8114243745803833, 0.6902940273284912, 0.6067123413085938, 0.5443982481956482, 0.5033866167068481, 0.45846280455589294, 0.4306716024875641, 0.4022681415081024, 0.37295135855674744, 0.3586057126522064, 0.3415072560310364, 0.3261580467224121, 0.3135848045349121, 0.2999567687511444, 0.2871626913547516, 0.2812511622905731, 0.2743132412433624, 0.2646596431732178, 0.26268333196640015, 0.2560937702655792, 0.24663102626800537, 0.25013530254364014, 0.23928621411323547, 0.2387317270040512, 0.23273210227489471, 0.23425766825675964, 0.22835204005241394, 0.22540290653705597, 0.22490283846855164, 0.22277379035949707, 0.21645894646644592, 0.2208901196718216, 0.21643012762069702, 0.21425950527191162, 0.21514132618904114, 0.2112937867641449, 0.20700542628765106, 0.20760294795036316, 0.20520713925361633, 0.1993599683046341, 0.19648371636867523, 0.19621673226356506, 0.19414031505584717, 0.19085192680358887, 0.18909120559692383, 0.1855171024799347, 0.18914654850959778, 0.1846017837524414, 0.1811869740486145, 0.1838143914937973, 0.18062299489974976, 0.17740380764007568, 0.17945483326911926, 0.17508959770202637, 0.1729852706193924, 0.17628508806228638, 0.17376630008220673, 0.17052851617336273, 0.16902831196784973, 0.17054304480552673, 0.16903133690357208, 0.17205578088760376, 0.17032165825366974, 0.16799208521842957, 0.16760575771331787, 0.16803155839443207, 0.16356730461120605, 0.166982501745224, 0.1628718078136444, 0.16269244253635406, 0.16205497086048126, 0.16231387853622437, 0.16105593740940094, 0.1594604253768921], "eval": [1.4535859823226929, 0.8881528377532959, 0.7683293223381042, 0.6480602622032166, 0.5760255455970764, 0.5194172263145447, 0.4854048490524292, 0.4573296904563904, 0.4161708354949951, 0.3999229371547699, 0.3665663003921509, 0.3554985821247101, 0.34293439984321594, 0.32997778058052063, 0.3085324466228485, 0.2902618646621704, 0.2884976267814636, 0.2826177179813385, 0.2713114619255066, 0.2692902982234955, 0.2762037515640259, 0.2581803500652313, 0.2550240159034729, 0.2503443956375122, 0.24350444972515106, 0.24507932364940643, 0.24174994230270386, 0.24111293256282806, 0.2445322424173355, 0.23259806632995605, 0.24244479835033417, 0.2305649369955063, 0.23848731815814972, 0.2400159239768982, 0.22784487903118134, 0.21905913949012756, 0.2282990962266922, 0.2185182124376297, 0.22156648337841034, 0.23017938435077667, 0.21145908534526825, 0.21092206239700317, 0.2128150910139084, 0.209359273314476, 0.21392852067947388, 0.20350879430770874, 0.2083914577960968, 0.19918468594551086, 0.20543533563613892, 0.20401255786418915, 0.20726852118968964, 0.19684384763240814, 0.1980540007352829, 0.20124387741088867, 0.19222144782543182, 0.19668731093406677, 0.1992899626493454, 0.19774405658245087, 0.1945522576570511, 0.19186457991600037, 0.19297252595424652, 0.18913936614990234, 0.18722350895404816, 0.19224822521209717, 0.19404087960720062, 0.1845085620880127, 0.18677717447280884, 0.19635428488254547, 0.19380207359790802, 0.19069409370422363, 0.19688792526721954, 0.18525314331054688, 0.1850089281797409, 0.18866153061389923, 0.18538273870944977, 0.18981941044330597]}